{
  "name": "LJ人模调整",
  "version": "1.1.0",
  "styleFileList": [
  ],
  "scriptFileList_earlyload": [
  ],
  "scriptFileList_inject_early": [
  ],
  "scriptFileList": [
   "LJCanvasModels.js"
  ],
  "tweeFileList": [
  ],
  "imgFileList": [
  ],
  "additionFile": [
    "readme.txt"
  ],
  "addonPlugin": [
    {
      "modName": "ReplacePatcher",
      "addonName": "ReplacePatcherAddon",
      "modVersion": "1.0.0",
      "params": {
        "js": [
        ],
        "css": [
        ],
        "twee": [
          {
            "passageName": "Widgets Canvas Model",
            "from": "<<set _modelclass to Renderer.locateModel(_args[0], _args[1])>>",
            "to": "<<if _args[0] is \"main\">>\n<<set _args[0] to \"LJmain\">>\n<</if>>\n<<set _modelclass to Renderer.locateModel(_args[0], _args[1])>>"
          },
          {
            "passageName": "Widgets Canvas Model Main",
            "from": "<<set _modeloptions.arm_left to \"none\">>",
            "to": "<<set _modeloptions.arm_left to \"bound\">>"
          },
          {
            "passageName": "Widgets Canvas Model Main",
            "from": "<<set _modeloptions.arm_right to \"none\">>",
            "to": "<<set _modeloptions.arm_right to \"bound\">>"
          }
        ]
      }

    }
  ],
  "dependenceInfo": [
    {
      "modName": "ReplacePatcher",
      "version": "^1.0.0"
    }
  ]
}